customer_id,contract_id,email,phone,product,valid_from,valid_until
831221,df9837d6-32a4-4d19-bad1-6e4d5556a601,sverre_l@online.no,46785656,RoadShield Premium,2021-01-01,
346938,a22b302c-63a3-4a31-9da4-79f04e697d1b,h.birkeland@gmail.com,40121234,HomeGuardian Standard,2021-01-01,
985320,d6ab12a1-b99f-4508-a857-43de7ee7d10a,trine.o@icloud.com,91231111,HealthCare Basic,2021-01-08,
122324,2d5ffcdb-1d3e-4089-ab71-f416ac7907bc,oyvind_e@gmail.com,44565555,HealthCare Plus,2021-01-09,2023-11-03
379245,dfbadbf7-be34-4403-869b-1474d35e2505,erik.jensen.nor@icloud.com,93456789,SeniorCare LongTerm,2021-01-09,2023-05-14
713774,4d81d175-d34c-47e3-ac27-44b8280a9f37,inger.e@getmail.no,92348877,TravelMax Annual,2021-01-10,
635710,a9bc7bfc-1b1d-4ac7-b20c-a8667d77118c,randi_b@online.no,94321234,CropYield Protect,2021-01-11,
526936,14b1169d-b21c-46b0-81c1-633f398bcaa2,magne_a@outlook.com,43211111,IdentitySecure Plus,2021-01-17,
307513,b0f1b9e1-86a5-414f-b946-ab30c4bbf023,sigrid.d@outlook.com,93453333,CommunityEvent Liability,2021-01-20,
940319,85d079b1-b744-4bf6-8175-2c79bda3c0fe,k.sande@gmail.com,42342233,RentersGuard Basic,2021-01-25,
455977,4be0945a-f31d-49ee-9c76-5b68cce31f07,tore_e@icloud.com,43213333,IdentitySecure Plus,2021-01-25,
742908,8d451c8a-ff04-4a7c-a901-fdf99710ef63,harald_h@online.no,44563333,GadgetCover OneYear,2021-01-27,
159990,23bc31ad-eacc-4ec3-abd4-71bcd3b8a66c,oyvind_b@online.no,44567777,TravelLite SingleTrip,2021-01-31,
125126,5b78d1e8-7ccc-4c93-921d-d677266fe2c9,odd.bakken@protonmail.com,90123456,HealthCare Plus,2021-02-01,
844766,5f0dd6fe-1fd6-4a00-a71f-cb46953d0f46,frank_s@icloud.com,95433333,SMBBusiness Shield,2021-02-04,2023-06-24
752433,6b62c007-adab-4b41-ba7b-ab384f2f47b7,espen_v@live.no,42348899,HealthCare Plus,2021-02-08,
893636,8a2709d4-4eb7-4bdd-b3d0-a4cb73b38590,synnove.i@outlook.com,43212233,MobilePhone TheftGuard,2021-02-08,
518341,9ef3b7a3-153e-4441-bed9-f6acfaa03f43,marit_l@getmail.no,91238899,CommunityEvent Liability,2021-02-12,
640450,4afaa51d-2f78-4415-a567-a3bb7b2d51ec,magne.h@live.no,43219999,TradeCredit Protect,2021-02-16,
650315,b6c60a35-5bd3-46a9-9c62-5a97cabd93e8,kjellfrid_k@getmail.no,42344567,TravelMax Annual,2021-02-16,
816463,9c2f8cf7-0b69-4e43-b5db-bfb8d99f414e,liv_v@online.no,43215555,HomeGuardian Elite,2021-02-16,
553526,1e043a9f-4147-4c34-bc9b-de18d4b5a138,sissel.i@gmail.com,44563333,SeniorCare LongTerm,2021-02-17,
737849,baf2d58a-8993-4f1c-9f06-921d5ebd1620,turid@Pedersens.no,41233333,GadgetCover OneYear,2021-02-22,
973938,37845b6d-2442-4dda-b502-bdbbc8460af1,alf_n@live.no,45673333,CropYield Protect,2021-02-22,
509405,f328a512-02e0-4976-9c38-e23b2347f288,jarle_l@protonmail.com,97653333,RoadShield Premium,2021-02-26,
320965,0622ce1a-e46d-4dc8-b8c9-377d0c97fd30,lene.s@outlook.com,97653322,SMBBusiness Shield,2021-03-19,
413579,5a1c6c2a-148f-48c1-8454-f15fc4dd3473,terje_l@outlook.no,44564455,HealthCare Plus,2021-03-25,
579188,7f037178-9c29-400e-b533-f9b21d80bd94,ellen.h@outlook.com,92348989,CyberSafe Personal,2021-03-28,2023-07-23
713774,e2034b05-74db-4a3d-a273-4818f5842a5c,inger.e@getmail.no,92348877,HomeGuardian Elite,2021-04-06,
459229,4994b6a2-97f2-4136-b91c-d4dc49c30e9f,ingeborg.b@icloud.com,40125555,HealthCare Basic,2021-04-12,
176117,8c481815-53ca-44dc-a8fc-2296788e5778,heidi.s@altibox.no,92348888,TravelLite SingleTrip,2021-04-18,
539964,7ab2dc81-5364-4aee-a1bc-f7869c728235,sissel.d@altibox.no,44564567,CyberSafe Personal,2021-05-01,
333661,2757cfed-3f89-403f-ac41-0745c0be4793,torstein_g@outlook.no,94323333,TradeCredit Protect,2021-05-03,
552256,c2d7169c-f7c9-43ba-a32e-fc490ce6c613,kristina.s@icloud.com,42341212,HomeGuardian Standard,2021-05-05,
619377,c22d945b-04c7-49ba-bcf4-4e20f3f24f4e,vidar_m@gmail.com,92347732,SeniorCare LongTerm,2021-05-08,
737849,6eab47b6-538e-4d41-a929-369a21baf76a,turid@Pedersens.no,41233344,RentersGuard Basic,2021-05-24,
645798,d15316cc-fbe5-4217-8c40-bddc5c5b0527,laila.o@outlook.com,98767766,PersonalLiability Plus,2021-05-25,
781518,8b8a2831-6f54-4521-a42e-929243e92984,tor.s@gmail.com,49012345,CommunityEvent Liability,2021-05-25,
346953,cf7d7b6c-e4db-4906-97df-810cdef935f7,leif_j@telenor.no,45674433,HomeGuardian Elite,2021-05-30,
800538,76759d14-4e38-4cb0-9c05-65aab6fa5d91,kaare.h@altibox.no,42349999,PetProtect Basic,2021-06-01,
509405,436dd7a2-e119-4878-9612-29da75d88239,jarle_l@protonmail.com,97653333,GadgetCover Accidental,2021-06-06,
210327,1c427be5-372a-42c2-bfa8-b95e79dc7f3d,beate.h@online.no,93454455,HealthCare Basic,2021-06-10,
481251,014aa1c7-a504-43eb-83c5-dd0ef23e9872,dag_wang@protonmail.com,44564433,LifeSecure WholePlus,2021-06-16,2023-04-22
233230,217ad514-6c37-4195-8d06-5f3ee14c61a5,alf_a@outlook.com,45675656,TravelMax Annual,2021-06-23,
474839,e9b8550c-c8bd-400f-8972-28cb3e1c812c,oddmund_a@gmail.com,41231122,HealthCare Basic,2021-06-28,2023-12-02
812292,b490e7dc-20ce-4251-b9a1-af365d09edc1,alf_s@protonmail.com,45679988,DroneFlight Liability,2021-07-03,2023-06-29
841086,b9b6afee-09c6-435e-b3d7-df2d77333c1c,trond_aas@online.no,49016666,RoadShield Premium,2021-07-05,
196012,9bf5f105-d311-49f9-b4b2-241d6bf998eb,oyvind.h@gmail.com,44560000,TravelLite SingleTrip,2021-07-05,
654721,4b1204c3-348d-4244-97e7-9bfc9ff67210,berit.g@icloud.com,46789012,PetProtect Basic,2021-07-11,2023-07-08
963807,e2bcf88b-21c4-4206-b1ca-f6109ce100b2,turid.e@outlook.com,41234444,SMBBusiness Shield,2021-07-13,
922581,510eee7e-26cc-4880-b013-e7f6ee14c066,linda.s@online.no,98768899,EventCancel Assurance,2021-07-20,2023-10-17
542827,82d6915e-8316-4f56-a338-77d1f3cb520b,Else_Sandvik@pm.me,95437777,PersonalLiability Plus,2021-07-21,
241819,ea21d43a-5679-43e2-a8b5-dc41dd575813,grete.e@gmail.com,97654433,MarineVoyage Standard,2021-07-27,
509405,602798eb-e8ec-4070-a8f9-fc9c26b52dc1,jarle_l@protonmail.com,97653333,RoadShield Premium,2021-07-31,
515862,96de1f97-43c8-46ce-b912-88ac55079c6a,eirik.e@gmail.com,45679999,PetProtect Lifetime,2021-08-02,
894102,21016346-1421-4a3c-be9b-96065e0cb831,vidar_p@getmail.no,92345555,MarineVoyage Standard,2021-08-08,2023-03-14
262162,901ea3b4-64bc-4d7c-a1cd-a1d5347d2f3b,tom.a@getmail.no,42347766,PetProtect Lifetime,2021-08-09,
713774,bfa9d668-3e81-4850-8421-a441e35ec36b,inger.e@getmail.no,92348877,HomeGuardian Elite,2021-08-16,
156083,1bd595b8-ca07-41e5-b816-a0314d076b1f,bjorg.e@online.no,98765656,TravelLite SingleTrip,2021-08-18,
436957,9bc39fee-ec54-4d46-80fa-ec6126c688f1,ingrid_j@online.no,92346655,DroneFlight Liability,2021-08-23,
731844,cf08c0ec-06fc-407d-b026-5c90cd54cd40,ingeborg.j@gmail.com,40127777,MobilePhone TheftGuard,2021-08-27,
518341,cd5449a7-9512-4059-898d-ac62baed5d7e,marit_l@getmail.no,91238899,HealthCare Basic,2021-08-29,2023-04-30
495838,8bddcf85-d6c6-45de-b96f-d1e7aacd4e6e,eirik.a@altibox.no,45674455,TravelLite SingleTrip,2021-09-04,
462901,9a0b9a1a-1899-446d-b48b-b9867a4e91d5,einar.m@altibox.no,42344433,HealthCare Basic,2021-09-14,2023-03-28
560731,6b9beae0-7943-4900-9414-26805ae86d7e,per_i@online.no,92341098,DroneFlight Liability,2021-09-16,
159990,3351ea25-7fb5-475d-8dbe-1bc0a9fbc868,oyvind_b@online.no,44567777,EventCancel Assurance,2021-09-30,
283645,91acdc88-7e8b-42a8-92f0-b92b8e81a882,nina.p@online.no,40124567,MarineVoyage Standard,2021-10-10,
600368,f34b943d-8ad8-425d-ba57-f43564cdcc58,k.lunde@altibox.no,44567890,SeniorCare LongTerm,2021-10-26,
474839,da2edba7-7e08-49eb-8ccf-3d4b513dac9b,oddmund_a@gmail.com,41231122,MobilePhone TheftGuard,2021-10-27,
474839,dfac2f8f-517f-45e8-b19f-89bb75ea95b6,oddmund_a@gmail.com,41231122,MarineVoyage Standard,2021-10-27,
404128,cbeea356-22f3-442e-bf1a-c3b7e3613b6a,kari.h@getmail.no,91235656,TradeCredit Protect,2021-10-30,2023-04-09
397456,904a52e3-71fc-4fca-bae4-7d5c877058f9,signe.i@altibox.no,90129900,DroneFlight Liability,2021-10-30,
141942,caad7b09-34ec-4937-bbc3-1ac6eead58e1,hege_s@gmail.com,97659999,HomeGuardian Standard,2021-11-16,
130104,db6d129f-669e-4e7d-bfe8-507753b6a41c,jan.moen.pro@gmail.com,94321098,CyberSafe Personal,2021-11-16,
318283,29e17435-ee9a-4311-a547-70fbcf14aaa0,atle_b@gmail.com,93451212,CyberSafe Business,2021-11-18,2023-07-10
816463,e2e3096f-546f-4b65-8a1a-94b735c67af7,liv_v@online.no,43215555,TradeCredit Protect,2021-11-20,
299750,69a2f846-8610-4d7d-9b46-d0a76c6c39bf,may_i@live.no,98762222,RoadShield Premium,2021-11-26,2023-06-05
961024,8412169c-a5a3-45db-83da-b1a767a1ae6f,sissel.j@outlook.com,44562222,TravelMax Annual,2021-11-30,
778701,349dceeb-223a-42ae-83de-d26967b8b6bc,bodil_m@getmail.no,94329999,PetProtect Basic,2021-12-03,
232551,cf6270a2-66d5-48cd-958c-6b28c584eb55,ellen_j@live.no,92346666,PetProtect Lifetime,2021-12-12,
582908,ee510500-589b-485f-9c35-703dc02e0fbb,elin.s@outlook.no,92345544,CyberSafe Business,2021-12-17,
594202,bf3717d1-190c-4169-90ca-add2f64680a1,hege_d@getmail.no,90122211,MobilePhone TheftGuard,2021-12-26,
329531,8ecff121-7118-4543-8de6-5508dc638b14,merete.r@live.no,49014444,GadgetCover OneYear,2021-12-29,2023-01-31
979068,816035f7-060f-4680-b0af-6268928389cc,ove_k@gmail.com,45674567,PetProtect Basic,2022-01-01,
551029,f0b9b5a7-994f-4475-bc42-4285b6354d84,helge_e@getmail.no,49011122,GadgetCover Accidental,2022-01-11,
232892,1518fabc-8f57-445a-95a5-14dac5ef74ed,kjellfrid.h@online.no,42342222,GadgetCover Accidental,2022-01-14,
961024,98aace74-ee70-47f0-b9a7-012422c9dfa4,sissel.j@outlook.com,44562222,MobilePhone TheftGuard,2022-01-23,2023-12-30
368599,8312c078-db8b-4690-8394-7f4385971a90,turid.e@protonmail.com,41235555,PetProtect Basic,2022-01-25,
859141,d93fa7a4-f868-4aa3-b413-0728d019a3d2,gunn.s@live.no,94323322,RoadShield Premium,2022-01-27,
210327,8527d606-e6f5-4b2b-ba22-6e3a28fe8b8f,beate.h@online.no,93454455,RoadShield Premium,2022-02-01,
493663,c155ccb6-70f3-4c8b-8542-fbcaa56e42f1,jan.s@outlook.com,40129999,AutoFlex Compact,2022-02-02,
585972,591d4ad5-ff98-4383-aa74-cb668a08424a,siv_helle@icloud.com,98764455,LifeSecure WholePlus,2022-02-02,
279654,7297ec52-1a97-43eb-bdce-c1b3ea5201b3,odd_v@outlook.no,40123333,HealthCare Plus,2022-02-04,
954948,6bf69599-ca95-4df7-9c61-4ce0d033bc45,helge.moe@gmail.com,49018888,HealthCare Plus,2022-02-04,
282022,5310395e-6178-4528-874e-dff1ff86092e,gunnar_e@altibox.no,91231212,HealthCare Plus,2022-02-21,
836569,471db843-4ea1-4286-82cd-2a2d3f385a3f,arve_w@icloud.com,46784455,PersonalLiability Plus,2022-02-21,
170589,0db775e0-6561-48e5-b82a-f26f728eeaf4,stian_j@altibox.no,44567766,Disability Income Starter,2022-03-07,
272290,95305af8-d1d8-47e8-a8b7-29c411f49a4a,solfrid.m@altibox.no,97659988,SMBBusiness Shield,2022-03-26,2023-01-20
681192,7869cb37-f73c-4328-977f-584e36308ece,vidar_s@online.no,92344444,AutoFlex Compact,2022-03-31,
910045,9d2599bb-3032-4b82-a604-c60e952eb999,oddmund_j@outlook.no,41232222,GadgetCover OneYear,2022-04-06,
551029,6f5d5ddb-cde5-4944-9dac-3e0f446185a6,helge_e@getmail.no,49011122,TradeCredit Protect,2022-04-12,2023-05-02
847682,b865643e-685a-40be-a777-d3981db004cc,vegard.s@outlook.no,46784433,CyberSafe Business,2022-04-15,2023-07-11
635710,80cf0b8f-be2d-42c2-a7a0-802e0474aaef,randi_b@online.no,94321234,TradeCredit Protect,2022-04-15,2023-09-24
859910,5ae19abe-43f7-4c7f-9e16-06175d8e153e,b.andreassen@gmail.com,94328899,CropYield Protect,2022-04-17,2023-09-04
282022,d81960ac-535e-4fe0-9213-2033dc3601d6,gunnar_e@altibox.no,91231212,HealthCare Plus,2022-04-21,2023-04-22
789285,44360e78-585f-468d-8882-6e9f5613f0cd,bjorg.b@getmail.no,98769988,AutoFlex Compact,2022-04-24,
816463,82e045bc-dcd3-48c1-b399-ca4eeee742a1,liv_v@online.no,43215555,SMBBusiness Shield,2022-04-28,2023-01-12
396583,1cbab7fb-8348-4a4c-ad99-ec561e55b6b9,torstein_k@online.no,94322222,TravelMax Annual,2022-04-28,
582908,02e58a30-8b45-49e5-a26f-39c2c1fa97c6,elin.s@outlook.no,92345544,PersonalLiability Plus,2022-04-30,
640562,92aa178b-6cb6-4d5b-acce-9013125eca80,torstein_l@icloud.com,94324567,CropYield Protect,2022-05-02,
985320,44a71820-bf0a-4d1c-96bb-accbebf6b653,trine.o@icloud.com,91231111,HealthCare Basic,2022-05-09,
833359,b94319e7-cd22-4673-a19d-a2bf819eac39,kristina.n@outlook.no,42345555,Disability Income Starter,2022-05-18,2023-07-15
635656,4c1eb166-e8fb-4940-92ff-48beefdcf819,sverre_h@gmail.com,46783333,IdentitySecure Plus,2022-05-18,2023-05-29
357294,d0e0fcc3-b7d1-4275-9b5f-34c284c6e1fe,gudrun_a@online.no,97658899,SMBBusiness Shield,2022-05-21,
762092,fdc58d10-d0c8-42a9-80b9-b477cf3e0071,ingrid_s@icloud.com,92341111,PetProtect Lifetime,2022-06-07,2023-09-15
537410,e9b8eae7-5c98-4d8e-a56b-f275d6dec235,geir.j.johnsen@online.no,95678901,CyberSafe Business,2022-06-08,
624341,18fce1ca-7f16-42a2-8565-016b735d667f,randi.g@altibox.no,91233322,TradeCredit Protect,2022-06-15,
810048,b009bb5a-d65c-4038-a38c-b70910002d08,ingunn.bo@live.no,90121122,CommunityEvent Liability,2022-06-16,
396583,4ba3e29f-5f09-4860-872a-048bf97c26f1,torstein_k@online.no,94322222,GadgetCover Accidental,2022-06-18,2023-09-14
784245,8cb8a6af-be36-4234-8faa-1664f056508f,arne_h@getmail.no,46785555,Disability Income Starter,2022-06-23,2023-11-29
481922,1e800107-f14f-4844-8b81-19fe403f900b,grethe.j@live.no,46782222,PersonalLiability Plus,2022-06-27,2023-11-06
196881,5b0b5a97-fa55-4a74-8c2f-67c30b0c6322,kari.s@online.no,91233333,EventCancel Assurance,2022-07-06,
720219,0a8dd8f5-e65b-4680-927f-73263cd0a505,torill.h@outlook.no,94320000,GadgetCover OneYear,2022-07-07,
490064,3228c29f-0f2a-478e-887b-deaa1d5a91ab,anne.s@online.no,90121111,HomeGuardian Standard,2022-07-12,
600368,b691a99e-14ae-427d-a0fc-8223a23f730c,k.lunde@altibox.no,44567890,EventCancel Assurance,2022-07-12,
553526,29cc7bee-9f4b-47e3-a9d0-857ed87a52cc,sissel.i@gmail.com,44563333,CommunityEvent Liability,2022-07-14,
633304,4bcfd289-68e9-46ea-8829-63417349cbf6,grethe.h@outlook.com,46784567,CyberSafe Business,2022-07-18,
272290,72d0a0dc-c178-4a20-b17e-ed3d5ca4456a,solfrid.m@altibox.no,97659988,CommunityEvent Liability,2022-07-24,2023-05-30
250527,433ac3e6-dc3b-4fee-afad-b54e22abaedd,terje.h82@icloud.com,44568899,CyberSafe Business,2022-07-25,
956240,3889b7dc-5606-4a78-ac09-dff07a93f3d6,liv.dahl@online.no,43210000,IdentitySecure Plus,2022-07-27,
612247,44d6637d-5f71-4cc0-8055-574301a96b53,kjellfrid_h@gmail.com,42343333,DroneFlight Liability,2022-08-01,
822564,58d8b62e-9778-4966-886e-64aec1ff7de0,haakon_j@getmail.no,90127890,DroneFlight Liability,2022-08-01,
827503,57964e84-3065-419e-a944-481fa68490f3,odd.strand@icloud.com,40129988,PetProtect Lifetime,2022-08-02,
387697,ac6a555f-dc72-48e1-975d-b2b7dae90261,atle.h@altibox.no,93457777,RoadShield Premium,2022-08-04,2023-02-25
672292,4d63dd93-838a-4e84-a6ec-0a4239039490,oyvind.b@getmail.no,44561212,PetProtect Basic,2022-08-07,
897998,653c4848-8adb-4342-b2eb-2e7521f8ecae,jon.e@getmail.no,44563322,RoadShield Premium,2022-08-16,2023-02-16
762092,d62f57ce-1078-434f-a411-6dfa7633f2f7,ingrid_s@icloud.com,92341111,LifeSecure Term,2022-08-24,
740621,717f55d5-c5c8-43da-85bb-d7bbcca43fed,trond.a@gmail.com,49011111,GadgetCover OneYear,2022-09-02,2023-10-27
518341,c2c03aa5-c1bc-41a9-af8f-4c9c620e2318,marit_l@getmail.no,91238899,CommunityEvent Liability,2022-09-03,2023-11-10
650315,9089e279-b210-4248-a407-048c3c3b976f,kjellfrid_k@getmail.no,42344567,MarineVoyage Standard,2022-09-03,
394197,5ca05253-6281-45d4-b704-0f65bef2334a,ellen.v@protonmail.com,92341111,CropYield Protect,2022-09-16,
991703,7af018e9-b12b-4478-8811-cfeb9cf584e3,k.moen@outlook.no,45673322,TravelMax Annual,2022-09-19,2023-08-06
196881,d9243151-642e-4814-9165-7b58665bb58b,kari.s@online.no,91233333,GadgetCover OneYear,2022-09-19,
678264,11bf50dc-00f4-432e-b135-b075ef9ff46c,ragnhild_k@online.no,45670000,CyberSafe Business,2022-09-20,
305923,b6993e3a-b676-4e0f-83b7-ed5d36e44010,ivar_n@altibox.no,49015544,HomeGuardian Standard,2022-09-22,2023-06-30
797747,8a6547a0-908f-4a2e-a680-90a012b524c8,bjorn84@getmail.no,91234561,ApplianceCare Extended,2022-09-25,
725871,8f2348a5-8d47-42ab-9cb7-96f8e04cf3ca,arve_j@protonmail.com,46781111,SeniorCare LongTerm,2022-09-27,
742908,33b522fc-221d-4542-b57a-9c78bdb6cff2,harald_h@online.no,44563333,CropYield Protect,2022-10-07,
737849,558d3afd-267b-4ce2-9242-56d2533181dc,turid_p@outlook.no,41233344,TravelMax Annual,2022-10-12,2023-10-07
877700,7344b47e-d038-4d0d-b746-d37ad5a25607,eivind.h@outlook.no,43218899,HomeGuardian Standard,2022-10-14,
196881,5e312e92-5af7-4621-a9a5-30b990704d9e,kari.s@online.no,91233333,AutoFlex Compact,2022-10-19,
586217,a3b9710f-5dda-474f-8b96-8f3bb8b0e0a6,sandy.l111@live.no,90128989,CommunityEvent Liability,2022-10-21,2023-08-20
858230,136ce62a-42c5-49da-9311-9be079e69a6d,rolf_l@online.no,91456789,CommunityEvent Liability,2022-10-21,2023-03-29
404128,6bbc99fa-a25a-4dda-a0ff-8f461aab2f38,kari.h@getmail.no,91235656,PersonalLiability Plus,2022-10-21,
542827,6054ad5a-3c41-4c79-a8b8-89e000f48d61,Else_Sandvik@pm.me,95437777,GadgetCover OneYear,2022-10-25,
584289,a3b682f4-d953-415d-9f1a-755ea9849c97,astrid.n@outlook.com,94329988,CropYield Protect,2022-10-28,2023-03-19
396583,139eb681-bc60-40da-9e52-798d106f9784,torstein_k@online.no,94322222,HomeGuardian Standard,2022-10-31,
283645,1ab9e64b-ed1e-4733-8bf9-d6c639345f32,nina.p@online.no,40124567,PetProtect Basic,2022-10-31,
725871,970865d5-ab6b-44bf-bb58-aec6bba8f810,arve_j@protonmail.com,46781111,HealthCare Basic,2022-11-02,
343493,bd5ac27e-d275-4c8a-ba8f-5f5303d077b3,else_m@icloud.com,95430000,HealthCare Basic,2022-11-03,2023-09-25
657313,6f6a5a35-d05d-45fa-b5d6-db25f212fb37,morten_l@online.no,41231111,IdentitySecure Plus,2022-11-05,
274051,0d76efb3-d901-4475-b726-c77ba6995de9,merete_l@outlook.no,49015555,LifeSecure Term,2022-11-06,
210327,adb55206-16d2-4388-8461-f23dadd4bcf8,beate.h@online.no,93454455,KidnapRansom Elite,2022-11-10,
855867,1eb9d592-8bce-4d98-aa47-a91a9d86814e,arild_j@online.no,49019900,CropYield Protect,2022-11-26,
943652,343dcc9d-7058-411d-8025-4fb4fd3a1953,terje.i@protonmail.com,44569999,PersonalLiability Plus,2022-12-01,2023-02-05
681997,85e0fae1-c487-4080-839b-b4f7b5694ee2,stein_m@outlook.com,49011111,RentersGuard Basic,2022-12-06,2023-05-19
128228,9000f338-35ec-4fd1-aaee-71eb0976976f,kristina.p@gmail.com,42340000,PersonalLiability Plus,2022-12-25,
998515,b765b17b-2226-47fd-b9bd-826125d38faf,beate_l@icloud.com,93459999,Disability Income Starter,2022-12-26,
800538,1529abfd-2d08-41e1-a2e7-eb2cc180b6c6,kaare.h@altibox.no,42349999,CropYield Protect,2022-12-31,
508693,e06bba35-1a1a-492f-b857-95513870c76d,harald_b@icloud.com,44565656,HealthCare Basic,2023-01-07,2023-08-18
763083,781ec5fa-089d-4d86-a333-17803ab8109a,ingunn_h@outlook.com,90128888,KidnapRansom Elite,2023-01-09,
722535,6b14d2f6-eaca-4424-b318-ea66e0d3e14b,arne.s@online.no,46781212,HealthCare Basic,2023-01-12,
782925,6ce3702a-7bc6-4734-a909-9b4e9e7233e3,heidi.k@online.no,92342222,RoadShield Premium,2023-01-14,
943652,4bfab4ab-635e-4465-b7af-ca9173ffdaa4,terje.i@protonmail.com,44569999,CropYield Protect,2023-01-15,2023-10-10
394343,45a4fbbb-89f0-44ed-a9a7-b783364b6240,ragnhild_h@icloud.com,45677777,PetProtect Basic,2023-01-24,
343493,7a4670a3-0ed7-45ab-bdd8-562e2d8b8ecc,else_m@icloud.com,95430000,RentersGuard Basic,2023-01-26,
183024,09f9d49f-2552-49f3-bbb9-8aa01e0f3529,tore_m@outlook.no,43215656,AutoFlex Compact,2023-02-03,
607881,617bb102-fd5b-47fd-9b37-02208d8a6578,oddmund_l@icloud.com,41231234,GadgetCover Accidental,2023-02-04,
825006,1a1d03b5-e952-46fe-b56d-cff72e8e0be1,roald_m@gmail.com,41235544,KidnapRansom Elite,2023-02-08,
496099,4c6fec95-8e50-4733-8d3b-534418d86dda,kaare_j@outlook.com,42344455,CommunityEvent Liability,2023-02-11,2023-09-01
312387,f4a62c39-5594-4060-85fc-5df924528206,torstein_j@gmail.com,94322233,SeniorCare LongTerm,2023-02-16,
685722,3e71ef01-a1b6-4a48-b3e9-cc6d6243e69e,sveinung.bo@outlook.com,40124598,MobilePhone TheftGuard,2023-02-19,
836569,a4111a2e-2181-4c43-b253-b8e0126e3d7b,arve_w@icloud.com,46784455,CyberSafe Business,2023-02-19,
990511,f51deaa7-7883-4621-be3b-394199814ecd,vigdis_j@altibox.no,95438899,RoadShield Premium,2023-02-20,
612247,42d20d57-c833-4fba-a095-770d1697a2bd,kjellfrid_h@gmail.com,42343333,SMBBusiness Shield,2023-02-27,2023-12-07
333425,c03f9fb6-15a9-4f99-9612-b34a877e2324,w.pettersen@online.no,95437766,Disability Income Starter,2023-03-07,
576183,233f6291-6f95-45db-99a5-b93b87a75dec,a.sande@online.no,95434433,LifeSecure WholePlus,2023-03-08,2023-10-06
237254,49553c31-8a1b-4012-a9c5-a10bd6688b22,ingunn.a@altibox.no,90121234,CommunityEvent Liability,2023-03-08,
977055,13b7d89a-4adb-4ccb-8edd-e65652a6d481,terje.e.77@yahoo.no,97654321,EventCancel Assurance,2023-03-11,
692675,3a884bd9-6c7d-457e-9e75-04a5c89fc464,ingrid_s@protonmail.com,95433322,HomeGuardian Elite,2023-03-18,2023-05-25
495838,0f3adc0d-ca59-4739-b2bd-0674db389777,eirik.a@altibox.no,45674455,HealthCare Basic,2023-03-22,
581972,5b5761b1-7cb8-44ce-b7c3-2e27b982b460,eirik_h@live.no,91233333,PersonalLiability Plus,2023-03-22,
823368,9b511109-909a-4028-a012-36a78fc56a9a,trine_h@telenor.no,43210987,PersonalLiability Plus,2023-04-03,
840549,06693bb9-cf90-41c5-8556-e751b8930454,odd_j@protonmail.com,40125656,HomeGuardian Standard,2023-04-16,
360354,15a3a7e5-f99e-46bc-9785-d87b2e5f15c7,heidi_pet@outlook.com,40123456,LifeSecure Term,2023-04-19,
146742,86453858-04e3-41ea-a269-6a63335bd9b1,magnus_s@getmail.no,98765555,AutoFlex Compact,2023-04-19,
360354,838a2060-a4ac-4d98-af08-88520422b937,heidi_pet@outlook.com,40123456,HomeGuardian Standard,2023-04-28,2023-07-30
841086,52d4083b-02ea-4942-9c16-bc9744cce802,trond_aas@online.no,49016666,PetProtect Basic,2023-04-29,2023-10-09
922581,e9082cb6-c10c-4bab-9677-d72b040756df,linda.s@online.no,98768899,KidnapRansom Elite,2023-05-11,2023-11-24
413387,1024b0a2-0f84-480f-a3de-8b310aba8d3e,sissel.o@live.no,44562233,KidnapRansom Elite,2023-05-14,2023-09-23
650315,8c8633b0-1ac6-4170-98ab-656cfbd10eda,kjellfrid_k@getmail.no,42344567,IdentitySecure Plus,2023-05-20,2023-05-23
579188,9a25a6ee-e06a-46b0-8cb3-76c275aaeb43,ellen.h@outlook.com,92348989,LifeSecure Term,2023-05-22,
736623,9dfd8977-98c5-4717-aca0-de54473a88f9,nina.m@getmail.no,40123333,HomeGuardian Standard,2023-05-25,
367414,b4690684-f05c-4332-a05f-01c7ac6d7968,ove_j@getmail.no,45672222,HomeGuardian Elite,2023-05-28,
720219,d971bfe5-cb3f-47b2-8ab5-3b2cbdf947f7,torill.h@outlook.no,94320000,HealthCare Plus,2023-05-30,2023-08-13
742908,3b0cfbce-d50d-46ea-b90b-8f61f8f2f78d,harald_h@online.no,44563333,TradeCredit Protect,2023-05-30,
435073,1f3db47d-a517-4dd4-b436-7468f53d7136,bodil.h@online.no,98763322,PersonalLiability Plus,2023-06-08,
540257,c5add1f8-d4af-43b3-8348-2d60af1bdc4a,hege.aas@getmail.no,97654455,HomeGuardian Standard,2023-06-09,
346997,9835a493-6137-4e43-aad8-9cdcc5365455,torill_m@live.no,94321212,PersonalLiability Plus,2023-06-15,
334083,6b01ee2a-708f-4697-8155-ea738f340027,ove.holm@online.no,45672233,TravelLite SingleTrip,2023-06-20,
899303,897efa65-c474-4b98-b8df-8d15772fe8bf,bodil.p@gmail.com,94321111,HomeGuardian Elite,2023-07-08,
130104,08b3ba88-1676-4ca3-bbfc-300177dbe277,jan.moen.pro@gmail.com,94321098,GadgetCover Accidental,2023-07-11,
692675,ad9dc6e6-6af4-490e-83f1-12a829d89e3c,ingrid_s@protonmail.com,95433322,SeniorCare LongTerm,2023-07-13,
404128,f98cd625-f8e2-482e-bd58-77e5d844f995,kari.h@getmail.no,91235656,GadgetCover Accidental,2023-07-14,
600368,b9734575-1efe-4a91-be8b-903335b8f854,k.lunde@altibox.no,44567890,TravelMax Annual,2023-07-14,
678264,cb14d6b5-a785-4d9c-be95-a3cfd689a361,ragnhild_k@online.no,45670000,CommunityEvent Liability,2023-07-22,
232551,16679a6d-3138-4fc6-a828-1fd00de6ce40,ellen_j@live.no,92346666,MarineVoyage Standard,2023-07-22,
852966,6c75e128-ab34-4f04-a179-6b18e3cbc37c,trond.e@outlook.com,46787766,TradeCredit Protect,2023-07-27,
810048,e1e98899-15d7-4dbb-9859-a40c755d241a,ingunn.bo@live.no,90121122,HomeGuardian Standard,2023-07-30,
675422,3b60768a-d5a9-435a-a5ee-e68161974c3a,jonny_s@outlook.no,42349988,MobilePhone TheftGuard,2023-08-02,
596309,70d5677d-563e-4ce0-bf38-0c519a490c56,magne_b@protonmail.com,43214455,EventCancel Assurance,2023-08-10,
367414,d636889c-073d-41e1-97b5-8a7cdfd55107,ove_j@getmail.no,45672222,SeniorCare LongTerm,2023-08-11,2023-10-23
297529,e1ef3767-c06d-4d0c-a74c-ee933eb1b4ba,ragnhild.s@outlook.no,45671212,Disability Income Starter,2023-08-13,
961024,11ab655c-9ff8-48fd-85af-cb4ce62892a6,sissel.j@outlook.com,44562222,GadgetCover OneYear,2023-08-16,
893636,fa0f44c0-b99c-4bff-98f8-6f1461a17393,synnove.i@outlook.com,43212233,TradeCredit Protect,2023-08-18,
893636,3e09c500-0cf7-4370-9ebb-56231bc430bb,synnove.i@outlook.com,43212233,PersonalLiability Plus,2023-08-24,
645191,1bb426c4-a0eb-4f4e-b645-ba37f89b072c,eli_larsen@live.no,93457766,RoadShield Premium,2023-08-26,
922581,4e4387b6-6c59-47ee-a24b-c87197b6aebe,linda.s@online.no,98768899,HomeGuardian Standard,2023-08-28,
428099,a02c2c79-87d5-431a-99dc-a8a0d19d1f06,stein_l@altibox.no,49013434,DroneFlight Liability,2023-08-29,
367414,7fbd2441-0d4c-4ffd-b14c-5b662baf3698,ove_j@getmail.no,45672222,SMBBusiness Shield,2023-08-30,2023-12-05
540257,71f79516-70b9-4322-8f91-d5416e1d407f,hege.aas@getmail.no,97654455,EventCancel Assurance,2023-09-01,2023-12-25
215646,f8230761-32e5-416a-b5fc-4ecefd671811,ragnhild.m@protonmail.com,45675555,SeniorCare LongTerm,2023-09-01,
970234,b857848a-5e89-4732-ac34-1edf1d6a66e3,liv.e.1982@yahoo.no,98761234,IdentitySecure Plus,2023-09-13,
657718,48ef79fb-b763-418f-b6d8-ec8434e90c16,m.olsen.88@outlook.no,98765432,EventCancel Assurance,2023-09-15,
413387,b0a00b29-6bdc-4abe-9edb-0df4a973fad1,sissel.o@live.no,44562233,RoadShield Premium,2023-09-15,
763410,2f49f0e0-5d00-4e02-8e91-abb4467e654f,haakon_n@gmail.com,90123344,CommunityEvent Liability,2023-10-01,
600368,3f85747f-a6aa-46a7-ba3d-98d913907b4c,k.lunde@altibox.no,44567890,PetProtect Basic,2023-10-15,
819041,3e562c9f-3c3d-4bca-a972-cb35580aadcc,k.birkeland@icloud.com,90125544,GadgetCover OneYear,2023-10-21,
413579,134c6907-c6e0-44bb-acd8-c3e4cc5d5b8c,terje_l@outlook.no,44564455,TravelLite SingleTrip,2023-10-30,
672292,f8f966b3-154f-40d7-ba8e-ee486f7cef4e,oyvind.b@getmail.no,44561212,PersonalLiability Plus,2023-11-01,
513364,c167d48b-29aa-4b4f-a665-059f377edc82,helge_e@icloud.com,49012222,TradeCredit Protect,2023-11-04,
481922,80798ca6-bad9-4274-9a40-ddf388cf1f36,grethe.j@live.no,46782222,AutoFlex Compact,2023-11-16,2023-11-17
298183,e081dcb9-7620-4a30-a213-8819df1e75ed,solveig.n@icloud.com,97651234,HomeGuardian Standard,2023-11-22,
270934,16e64007-6cb1-4d2b-b769-91f6e3ebdc9f,mona_b@live.no,95439988,LifeSecure WholePlus,2023-11-23,
624341,01109a08-5a1c-444b-ab1e-c09ee71fb553,randi.g@altibox.no,91233322,SeniorCare LongTerm,2023-11-26,2023-12-02
840549,873fbb00-8172-4688-8045-c168841ccaa0,odd_j@protonmail.com,40125656,TravelLite SingleTrip,2023-12-09,
763410,f2cbe8d8-ba6a-4281-8423-7aa78d56f11d,haakon_n@gmail.com,90123344,GadgetCover OneYear,2023-12-11,2023-12-31
843971,3cd9bf20-19d0-4de7-b59e-6db9338ea801,sigrid.j@live.no,93454567,DroneFlight Liability,2023-12-12,
270934,4065e9fd-6d77-46bb-8350-570e7b38fdba,mona_b@live.no,95439988,MobilePhone TheftGuard,2023-12-12,
463971,4790a995-c336-4cc9-b49d-b0b2435dcfc6,sverre_s@outlook.com,44561234,SeniorCare LongTerm,2023-12-25,
